-- phpMyAdmin SQL Dump
-- version 5.2.1
-- https://www.phpmyadmin.net/
--
-- Servidor: 127.0.0.1
-- Tiempo de generación: 05-05-2026 a las 04:00:51
-- Versión del servidor: 10.4.32-MariaDB
-- Versión de PHP: 8.2.12

SET SQL_MODE = "NO_AUTO_VALUE_ON_ZERO";
START TRANSACTION;
SET time_zone = "+00:00";


/*!40101 SET @OLD_CHARACTER_SET_CLIENT=@@CHARACTER_SET_CLIENT */;
/*!40101 SET @OLD_CHARACTER_SET_RESULTS=@@CHARACTER_SET_RESULTS */;
/*!40101 SET @OLD_COLLATION_CONNECTION=@@COLLATION_CONNECTION */;
/*!40101 SET NAMES utf8mb4 */;

--
-- Base de datos: `probanding`
--

-- --------------------------------------------------------

--
-- Estructura de tabla para la tabla `boleta`
--

CREATE TABLE `boleta` (
  `id_boleta` int(11) NOT NULL,
  `id_cliente` int(11) NOT NULL,
  `id_venta` int(11) NOT NULL
) ENGINE=InnoDB DEFAULT CHARSET=utf8mb4 COLLATE=utf8mb4_general_ci;

--
-- Volcado de datos para la tabla `boleta`
--

INSERT INTO `boleta` (`id_boleta`, `id_cliente`, `id_venta`) VALUES
(1, 1, 1),
(2, 2, 2),
(3, 3, 3),
(4, 4, 4),
(5, 5, 5),
(6, 6, 6),
(7, 7, 7),
(8, 8, 8),
(9, 9, 9),
(10, 10, 10),
(11, 11, 11),
(12, 12, 12),
(13, 13, 13),
(14, 14, 14),
(15, 15, 15);

-- --------------------------------------------------------

--
-- Estructura de tabla para la tabla `ciudad`
--

CREATE TABLE `ciudad` (
  `id_ciudad` int(11) NOT NULL,
  `nombre` varchar(50) NOT NULL,
  `id_region` int(11) NOT NULL
) ENGINE=InnoDB DEFAULT CHARSET=utf8mb4 COLLATE=utf8mb4_general_ci;

--
-- Volcado de datos para la tabla `ciudad`
--

INSERT INTO `ciudad` (`id_ciudad`, `nombre`, `id_region`) VALUES
(1, 'Santiago', 1),
(2, 'Viña del Mar', 2),
(3, 'Concepción', 3),
(4, 'Temuco', 4),
(5, 'Talca', 5),
(6, 'Rancagua', 6),
(7, 'Puerto Montt', 7),
(8, 'La Serena', 8),
(9, 'Antofagasta', 9),
(10, 'Copiapó', 10),
(11, 'Iquique', 11),
(12, 'Arica', 12),
(13, 'Valdivia', 13),
(14, 'Coyhaique', 14),
(15, 'Punta Arenas', 15);

-- --------------------------------------------------------

--
-- Estructura de tabla para la tabla `cliente`
--

CREATE TABLE `cliente` (
  `id_cliente` int(11) NOT NULL,
  `nombre` varchar(100) NOT NULL,
  `apellido` varchar(100) NOT NULL,
  `email` varchar(100) NOT NULL
) ENGINE=InnoDB DEFAULT CHARSET=utf8mb4 COLLATE=utf8mb4_general_ci;

--
-- Volcado de datos para la tabla `cliente`
--

INSERT INTO `cliente` (`id_cliente`, `nombre`, `apellido`, `email`) VALUES
(1, 'Roberto', 'Alvarez', 'roberto@gmail.com'),
(2, 'Carla', 'Muñoz', 'carla@gmail.com'),
(3, 'Sebastián', 'Castro', 'sebastian@gmail.com'),
(4, 'Fernanda', 'Vargas', 'fernanda@gmail.com'),
(5, 'Nicolás', 'Romero', 'nicolas@gmail.com'),
(6, 'Paulina', 'Silva', 'paulina@gmail.com'),
(7, 'Tomás', 'Contreras', 'tomas@gmail.com'),
(8, 'Isabel', 'Medina', 'isabel@gmail.com'),
(9, 'Cristóbal', 'Fuentes', 'cristobal@gmail.com'),
(10, 'Bárbara', 'Espinoza', 'barbara@gmail.com'),
(11, 'Ignacio', 'Vega', 'ignacio@gmail.com'),
(12, 'Constanza', 'Ramos', 'constanza@gmail.com'),
(13, 'Alejandro', 'Pizarro', 'alejandro@gmail.com'),
(14, 'Marcela', 'Navarro', 'marcela@gmail.com'),
(15, 'Francisco', 'Ibáñez', 'francisco@gmail.com');

-- --------------------------------------------------------

--
-- Estructura de tabla para la tabla `cupon`
--

CREATE TABLE `cupon` (
  `id_cupon` int(11) NOT NULL,
  `codigo` varchar(50) NOT NULL,
  `descuento` int(11) NOT NULL,
  `fecha_expiracion` date DEFAULT NULL,
  `id_cliente` int(11) NOT NULL
) ENGINE=InnoDB DEFAULT CHARSET=utf8mb4 COLLATE=utf8mb4_general_ci;

--
-- Volcado de datos para la tabla `cupon`
--

INSERT INTO `cupon` (`id_cupon`, `codigo`, `descuento`, `fecha_expiracion`, `id_cliente`) VALUES
(1, 'CUP001', 10, '2026-06-01', 1),
(2, 'CUP002', 15, '2026-07-01', 2),
(3, 'CUP003', 20, '2026-08-01', 3),
(4, 'CUP004', 5, '2026-05-15', 4),
(5, 'CUP005', 25, '2026-09-01', 5),
(6, 'CUP006', 10, '2026-06-15', 6),
(7, 'CUP007', 30, '2026-10-01', 7),
(8, 'CUP008', 15, '2026-07-15', 8),
(9, 'CUP009', 20, '2026-08-15', 9),
(10, 'CUP010', 5, '2026-05-30', 10),
(11, 'CUP011', 10, '2026-06-30', 11),
(12, 'CUP012', 25, '2026-09-15', 12),
(13, 'CUP013', 15, '2026-07-30', 13),
(14, 'CUP014', 20, '2026-08-30', 14),
(15, 'CUP015', 30, '2026-10-15', 15);

-- --------------------------------------------------------

--
-- Estructura de tabla para la tabla `detalle_venta`
--

CREATE TABLE `detalle_venta` (
  `id_detalle` int(11) NOT NULL,
  `cantidad` int(11) NOT NULL,
  `precio_unitario_venta` int(11) DEFAULT NULL,
  `id_venta` int(11) NOT NULL,
  `id_producto` int(11) NOT NULL
) ENGINE=InnoDB DEFAULT CHARSET=utf8mb4 COLLATE=utf8mb4_general_ci;

--
-- Volcado de datos para la tabla `detalle_venta`
--

INSERT INTO `detalle_venta` (`id_detalle`, `cantidad`, `precio_unitario_venta`, `id_venta`, `id_producto`) VALUES
(1, 2, 3500, 1, 1),
(2, 3, 4200, 2, 2),
(3, 1, 6800, 3, 3),
(4, 4, 2900, 4, 4),
(5, 2, 12000, 5, 5),
(6, 1, 8500, 6, 6),
(7, 3, 5500, 7, 7),
(8, 2, 7200, 8, 8),
(9, 1, 18000, 9, 9),
(10, 2, 25000, 10, 10),
(11, 3, 9500, 11, 11),
(12, 5, 3200, 12, 12),
(13, 1, 15000, 13, 13),
(14, 4, 2800, 14, 14),
(15, 2, 4900, 15, 15);

-- --------------------------------------------------------

--
-- Estructura de tabla para la tabla `devolucion`
--

CREATE TABLE `devolucion` (
  `id_devolucion` int(11) NOT NULL,
  `fecha_devolucion` date NOT NULL,
  `motivo` varchar(200) NOT NULL,
  `monto_reembolso` int(11) NOT NULL,
  `cantidad_devuelta` int(11) NOT NULL,
  `id_empleado` int(11) NOT NULL,
  `id_cliente` int(11) NOT NULL,
  `id_tarjeta` int(11) NOT NULL,
  `id_venta` int(11) NOT NULL,
  `id_producto` int(11) NOT NULL
) ENGINE=InnoDB DEFAULT CHARSET=utf8mb4 COLLATE=utf8mb4_general_ci;

--
-- Volcado de datos para la tabla `devolucion`
--

INSERT INTO `devolucion` (`id_devolucion`, `fecha_devolucion`, `motivo`, `monto_reembolso`, `cantidad_devuelta`, `id_empleado`, `id_cliente`, `id_tarjeta`, `id_venta`, `id_producto`) VALUES
(1, '2026-01-10', 'Producto defectuoso', 3500, 1, 1, 1, 1, 1, 1),
(2, '2026-01-15', 'No era lo esperado', 4200, 1, 2, 2, 2, 2, 2),
(3, '2026-01-20', 'Producto dañado', 6800, 1, 3, 3, 3, 3, 3),
(4, '2026-01-25', 'Alergia al producto', 2900, 2, 4, 4, 4, 4, 4),
(5, '2026-02-05', 'Falla en material', 12000, 1, 5, 5, 5, 5, 5),
(6, '2026-02-12', 'Color incorrecto', 8500, 1, 6, 6, 6, 6, 6),
(7, '2026-02-18', 'Producto incompleto', 5500, 1, 7, 7, 7, 7, 7),
(8, '2026-02-22', 'No funciona', 7200, 1, 8, 8, 8, 8, 8),
(9, '2026-03-05', 'Defecto de fábrica', 18000, 1, 9, 9, 9, 9, 9),
(10, '2026-03-12', 'Producto equivocado', 25000, 1, 10, 10, 10, 10, 10),
(11, '2026-03-18', 'No compatible', 9500, 1, 11, 11, 11, 11, 11),
(12, '2026-03-22', 'Envase roto', 3200, 2, 12, 12, 12, 12, 12),
(13, '2026-04-03', 'Mal estado', 15000, 1, 13, 13, 13, 13, 13),
(14, '2026-04-12', 'No era lo pedido', 2800, 2, 14, 14, 14, 14, 14),
(15, '2026-04-18', 'Producto vencido', 4900, 1, 15, 15, 15, 15, 15);

-- --------------------------------------------------------

--
-- Estructura de tabla para la tabla `empleado`
--

CREATE TABLE `empleado` (
  `id_empleado` int(11) NOT NULL,
  `nombre` varchar(100) NOT NULL,
  `apellido` varchar(100) NOT NULL,
  `sueldo` int(11) NOT NULL,
  `id_tienda` int(11) NOT NULL
) ENGINE=InnoDB DEFAULT CHARSET=utf8mb4 COLLATE=utf8mb4_general_ci;

--
-- Volcado de datos para la tabla `empleado`
--

INSERT INTO `empleado` (`id_empleado`, `nombre`, `apellido`, `sueldo`, `id_tienda`) VALUES
(1, 'Carlos', 'González', 550000, 1),
(2, 'María', 'Pérez', 480000, 2),
(3, 'Juan', 'Rodríguez', 620000, 3),
(4, 'Ana', 'López', 510000, 4),
(5, 'Pedro', 'Martínez', 590000, 5),
(6, 'Sofía', 'García', 470000, 6),
(7, 'Luis', 'Hernández', 630000, 7),
(8, 'Valentina', 'Díaz', 500000, 8),
(9, 'Diego', 'Sánchez', 560000, 9),
(10, 'Camila', 'Torres', 490000, 10),
(11, 'Andrés', 'Flores', 610000, 11),
(12, 'Javiera', 'Reyes', 520000, 12),
(13, 'Matías', 'Morales', 580000, 13),
(14, 'Daniela', 'Jiménez', 475000, 14),
(15, 'Felipe', 'Rojas', 640000, 15);

-- --------------------------------------------------------

--
-- Estructura de tabla para la tabla `envio`
--

CREATE TABLE `envio` (
  `id_envio` int(11) NOT NULL,
  `fecha_envio` date NOT NULL,
  `fecha_estimada_entrega` date NOT NULL,
  `estado` varchar(50) NOT NULL,
  `direccion_destino` varchar(200) NOT NULL,
  `id_venta` int(11) NOT NULL,
  `id_cliente` int(11) NOT NULL,
  `id_empleado` int(11) NOT NULL,
  `id_ciudad` int(11) NOT NULL
) ENGINE=InnoDB DEFAULT CHARSET=utf8mb4 COLLATE=utf8mb4_general_ci;

--
-- Volcado de datos para la tabla `envio`
--

INSERT INTO `envio` (`id_envio`, `fecha_envio`, `fecha_estimada_entrega`, `estado`, `direccion_destino`, `id_venta`, `id_cliente`, `id_empleado`, `id_ciudad`) VALUES
(1, '2026-01-05', '2026-01-08', 'Entregado', 'Av. Libertador 101, Santiago', 1, 1, 1, 1),
(2, '2026-01-10', '2026-01-13', 'Entregado', 'Av. Marina 201, Viña del Mar', 2, 2, 2, 2),
(3, '2026-01-15', '2026-01-18', 'Entregado', 'Calle Barros Arana 301, Concepción', 3, 3, 3, 3),
(4, '2026-01-20', '2026-01-23', 'Entregado', 'Av. Alemania 401, Temuco', 4, 4, 4, 4),
(5, '2026-02-01', '2026-02-04', 'Entregado', 'Calle 1 Sur 501, Talca', 5, 5, 5, 5),
(6, '2026-02-10', '2026-02-13', 'Entregado', 'Av. O\'Higgins 601, Rancagua', 6, 6, 6, 6),
(7, '2026-02-15', '2026-02-18', 'En tránsito', 'Av. Ibáñez 701, Puerto Montt', 7, 7, 7, 7),
(8, '2026-02-20', '2026-02-23', 'En tránsito', 'Av. Aguirre 801, La Serena', 8, 8, 8, 8),
(9, '2026-03-01', '2026-03-04', 'En tránsito', 'Av. Balmaceda 901, Antofagasta', 9, 9, 9, 9),
(10, '2026-03-10', '2026-03-13', 'Procesando', 'Av. Arturo Prat 1001, Iquique', 10, 10, 10, 11),
(11, '2026-03-15', '2026-03-18', 'Procesando', 'Av. San Martín 1101, Arica', 11, 11, 11, 12),
(12, '2026-03-20', '2026-03-23', 'Procesando', 'Calle Arauco 1201, Valdivia', 12, 12, 12, 13),
(13, '2026-04-01', '2026-04-04', 'Pendiente', 'Av. Baquedano 1301, Coyhaique', 13, 13, 13, 14),
(14, '2026-04-10', '2026-04-13', 'Pendiente', 'Av. Colón 1401, Punta Arenas', 14, 14, 14, 15),
(15, '2026-04-15', '2026-04-18', 'Pendiente', 'Av. Copayapu 1501, Copiapó', 15, 15, 15, 10);

-- --------------------------------------------------------

--
-- Estructura de tabla para la tabla `factura`
--

CREATE TABLE `factura` (
  `id_factura` int(11) NOT NULL,
  `fecha` date NOT NULL,
  `total` int(11) NOT NULL,
  `id_venta` int(11) NOT NULL,
  `id_cliente` int(11) NOT NULL
) ENGINE=InnoDB DEFAULT CHARSET=utf8mb4 COLLATE=utf8mb4_general_ci;

--
-- Volcado de datos para la tabla `factura`
--

INSERT INTO `factura` (`id_factura`, `fecha`, `total`, `id_venta`, `id_cliente`) VALUES
(1, '2026-01-05', 7000, 1, 1),
(2, '2026-01-10', 12600, 2, 2),
(3, '2026-01-15', 6800, 3, 3),
(4, '2026-01-20', 11600, 4, 4),
(5, '2026-02-01', 24000, 5, 5),
(6, '2026-02-10', 8500, 6, 6),
(7, '2026-02-15', 16500, 7, 7),
(8, '2026-02-20', 14400, 8, 8),
(9, '2026-03-01', 18000, 9, 9),
(10, '2026-03-10', 50000, 10, 10),
(11, '2026-03-15', 28500, 11, 11),
(12, '2026-03-20', 16000, 12, 12),
(13, '2026-04-01', 15000, 13, 13),
(14, '2026-04-10', 11200, 14, 14),
(15, '2026-04-15', 9800, 15, 15);

-- --------------------------------------------------------

--
-- Estructura de tabla para la tabla `inventario`
--

CREATE TABLE `inventario` (
  `id_inventario` int(11) NOT NULL,
  `cantidad` int(11) NOT NULL,
  `id_producto` int(11) NOT NULL,
  `id_tienda` int(11) NOT NULL
) ENGINE=InnoDB DEFAULT CHARSET=utf8mb4 COLLATE=utf8mb4_general_ci;

--
-- Volcado de datos para la tabla `inventario`
--

INSERT INTO `inventario` (`id_inventario`, `cantidad`, `id_producto`, `id_tienda`) VALUES
(1, 50, 1, 1),
(2, 30, 2, 2),
(3, 45, 3, 3),
(4, 60, 4, 4),
(5, 25, 5, 5),
(6, 40, 6, 6),
(7, 55, 7, 7),
(8, 70, 8, 8),
(9, 35, 9, 9),
(10, 20, 10, 10),
(11, 65, 11, 11),
(12, 48, 12, 12),
(13, 38, 13, 13),
(14, 80, 14, 14),
(15, 42, 15, 15);

-- --------------------------------------------------------

--
-- Estructura de tabla para la tabla `oferta`
--

CREATE TABLE `oferta` (
  `id_oferta` int(11) NOT NULL,
  `descripcion` varchar(100) NOT NULL,
  `descuento` int(11) NOT NULL,
  `id_producto` int(11) NOT NULL
) ENGINE=InnoDB DEFAULT CHARSET=utf8mb4 COLLATE=utf8mb4_general_ci;

--
-- Volcado de datos para la tabla `oferta`
--

INSERT INTO `oferta` (`id_oferta`, `descripcion`, `descuento`, `id_producto`) VALUES
(1, 'Oferta de verano', 10, 1),
(2, 'Liquidación de invierno', 20, 2),
(3, 'Promo fin de semana', 15, 3),
(4, 'Descuento especial', 25, 4),
(5, 'Oferta relámpago', 30, 5),
(6, 'Promo navidad', 20, 6),
(7, 'Descuento aniversario', 15, 7),
(8, 'Oferta exclusiva web', 10, 8),
(9, 'Promo Black Friday', 40, 9),
(10, 'Descuento por temporada', 20, 10),
(11, 'Oferta nocturna', 15, 11),
(12, 'Promo de lanzamiento', 25, 12),
(13, 'Descuento por volumen', 10, 13),
(14, 'Oferta especial cliente', 20, 14),
(15, 'Promo fin de mes', 15, 15);

-- --------------------------------------------------------

--
-- Estructura de tabla para la tabla `producto`
--

CREATE TABLE `producto` (
  `id_producto` int(11) NOT NULL,
  `nombre` varchar(100) NOT NULL,
  `precio_venta` int(11) NOT NULL,
  `id_proveedor` int(11) NOT NULL
) ENGINE=InnoDB DEFAULT CHARSET=utf8mb4 COLLATE=utf8mb4_general_ci;

--
-- Volcado de datos para la tabla `producto`
--

INSERT INTO `producto` (`id_producto`, `nombre`, `precio_venta`, `id_proveedor`) VALUES
(1, 'Bolsa Reutilizable', 3500, 1),
(2, 'Jabón Orgánico', 4200, 2),
(3, 'Shampoo Natural', 6800, 3),
(4, 'Cepillo Bambú', 2900, 4),
(5, 'Botella Acero Inox', 12000, 5),
(6, 'Crema Hidratante Eco', 8500, 6),
(7, 'Tote Bag Algodón', 5500, 7),
(8, 'Vela Soja Aromática', 7200, 8),
(9, 'Kit Compostaje', 18000, 9),
(10, 'Filtro Agua', 25000, 10),
(11, 'Aceite Esencial', 9500, 11),
(12, 'Semillas Orgánicas', 3200, 12),
(13, 'Difusor Aromas', 15000, 13),
(14, 'Papel Reciclado', 2800, 14),
(15, 'Limpiador Multiuso', 4900, 15);

-- --------------------------------------------------------

--
-- Estructura de tabla para la tabla `proveedor`
--

CREATE TABLE `proveedor` (
  `id_proveedor` int(11) NOT NULL,
  `nombre` varchar(100) NOT NULL,
  `contacto` varchar(100) NOT NULL
) ENGINE=InnoDB DEFAULT CHARSET=utf8mb4 COLLATE=utf8mb4_general_ci;

--
-- Volcado de datos para la tabla `proveedor`
--

INSERT INTO `proveedor` (`id_proveedor`, `nombre`, `contacto`) VALUES
(1, 'Distribuidora Norte', 'contacto@norte.cl'),
(2, 'Proveedor Sur', 'info@sur.cl'),
(3, 'Comercial Central', 'ventas@central.cl'),
(4, 'Importadora Andina', 'andina@import.cl'),
(5, 'Distribuciones Pacífico', 'pacifico@dist.cl'),
(6, 'Proveedor Express', 'express@prov.cl'),
(7, 'Suministros Globales', 'global@sum.cl'),
(8, 'Abastecedora Chile', 'chile@abast.cl'),
(9, 'Comercial Austral', 'austral@com.cl'),
(10, 'Distribuidora Polar', 'polar@dist.cl'),
(11, 'Proveedores Unidos', 'unidos@prov.cl'),
(12, 'Importaciones del Sur', 'sur@import.cl'),
(13, 'Comercio Andino', 'andino@com.cl'),
(14, 'Suministros Rápidos', 'rapidos@sum.cl'),
(15, 'Distribuciones Elite', 'elite@dist.cl');

-- --------------------------------------------------------

--
-- Estructura de tabla para la tabla `region`
--

CREATE TABLE `region` (
  `id_region` int(11) NOT NULL,
  `nombre` varchar(50) NOT NULL
) ENGINE=InnoDB DEFAULT CHARSET=utf8mb4 COLLATE=utf8mb4_general_ci;

--
-- Volcado de datos para la tabla `region`
--

INSERT INTO `region` (`id_region`, `nombre`) VALUES
(1, 'Metropolitana'),
(2, 'Valparaíso'),
(3, 'Biobío'),
(4, 'Araucanía'),
(5, 'Maule'),
(6, 'O\'Higgins'),
(7, 'Los Lagos'),
(8, 'Coquimbo'),
(9, 'Antofagasta'),
(10, 'Atacama'),
(11, 'Tarapacá'),
(12, 'Arica y Parinacota'),
(13, 'Los Ríos'),
(14, 'Aysén'),
(15, 'Magallanes');

-- --------------------------------------------------------

--
-- Estructura de tabla para la tabla `rol`
--

CREATE TABLE `rol` (
  `id_rol` int(11) NOT NULL,
  `nombre_rol` varchar(50) NOT NULL,
  `id_empleado` int(11) NOT NULL
) ENGINE=InnoDB DEFAULT CHARSET=utf8mb4 COLLATE=utf8mb4_general_ci;

--
-- Volcado de datos para la tabla `rol`
--

INSERT INTO `rol` (`id_rol`, `nombre_rol`, `id_empleado`) VALUES
(1, 'Gerente', 1),
(2, 'Cajero', 2),
(3, 'Vendedor', 3),
(4, 'Bodeguero', 4),
(5, 'Supervisor', 5),
(6, 'Cajero', 6),
(7, 'Gerente', 7),
(8, 'Vendedor', 8),
(9, 'Bodeguero', 9),
(10, 'Cajero', 10),
(11, 'Supervisor', 11),
(12, 'Vendedor', 12),
(13, 'Gerente', 13),
(14, 'Cajero', 14),
(15, 'Bodeguero', 15);

-- --------------------------------------------------------

--
-- Estructura de tabla para la tabla `tarjeta`
--

CREATE TABLE `tarjeta` (
  `id_tarjeta` int(11) NOT NULL,
  `tipo` char(1) NOT NULL,
  `id_cliente` int(11) NOT NULL
) ENGINE=InnoDB DEFAULT CHARSET=utf8mb4 COLLATE=utf8mb4_general_ci;

--
-- Volcado de datos para la tabla `tarjeta`
--

INSERT INTO `tarjeta` (`id_tarjeta`, `tipo`, `id_cliente`) VALUES
(1, 'D', 1),
(2, 'C', 2),
(3, 'D', 3),
(4, 'C', 4),
(5, 'D', 5),
(6, 'C', 6),
(7, 'D', 7),
(8, 'C', 8),
(9, 'D', 9),
(10, 'C', 10),
(11, 'D', 11),
(12, 'C', 12),
(13, 'D', 13),
(14, 'C', 14),
(15, 'D', 15);

-- --------------------------------------------------------

--
-- Estructura de tabla para la tabla `tienda`
--

CREATE TABLE `tienda` (
  `id_tienda` int(11) NOT NULL,
  `nombre_tienda` varchar(100) NOT NULL,
  `ubicacion` varchar(100) NOT NULL,
  `horario_apertura` date DEFAULT NULL,
  `politicas` varchar(100) DEFAULT NULL,
  `id_ciudad` int(11) NOT NULL
) ENGINE=InnoDB DEFAULT CHARSET=utf8mb4 COLLATE=utf8mb4_general_ci;

--
-- Volcado de datos para la tabla `tienda`
--

INSERT INTO `tienda` (`id_tienda`, `nombre_tienda`, `ubicacion`, `horario_apertura`, `politicas`, `id_ciudad`) VALUES
(1, 'Tienda Santiago Centro', 'Av. Libertador 100', '2020-01-15', 'No devoluciones sin boleta', 1),
(2, 'Tienda Viña del Mar', 'Av. Marina 200', '2019-06-01', 'Cambios en 15 días', 2),
(3, 'Tienda Concepción', 'Calle Barros Arana 300', '2021-03-10', 'Devolución en 30 días', 3),
(4, 'Tienda Temuco', 'Av. Alemania 400', '2018-11-20', 'Solo cambios con etiqueta', 4),
(5, 'Tienda Talca', 'Calle 1 Sur 500', '2022-05-05', 'No devoluciones en ofertas', 5),
(6, 'Tienda Rancagua', 'Av. O\'Higgins 600', '2017-08-15', 'Cambios en 7 días', 6),
(7, 'Tienda Puerto Montt', 'Av. Presidente Ibáñez 700', '2020-09-01', 'Devolución con boleta', 7),
(8, 'Tienda La Serena', 'Av. Francisco de Aguirre 800', '2019-12-10', 'Cambios en 10 días', 8),
(9, 'Tienda Antofagasta', 'Av. Balmaceda 900', '2021-07-20', 'No devoluciones sin empaque', 9),
(10, 'Tienda Iquique', 'Av. Arturo Prat 1000', '2018-04-05', 'Cambios en 20 días', 11),
(11, 'Tienda Arica', 'Av. Comandante San Martín 1100', '2022-02-15', 'Devolución en 15 días', 12),
(12, 'Tienda Valdivia', 'Calle Arauco 1200', '2017-10-01', 'Solo cambios', 13),
(13, 'Tienda Coyhaique', 'Av. Baquedano 1300', '2020-06-20', 'Cambios en 5 días', 14),
(14, 'Tienda Punta Arenas', 'Av. Colón 1400', '2019-03-10', 'Devolución en 7 días', 15),
(15, 'Tienda Copiapó', 'Av. Copayapu 1500', '2021-11-05', 'No devoluciones en liquidación', 10);

-- --------------------------------------------------------

--
-- Estructura de tabla para la tabla `venta`
--

CREATE TABLE `venta` (
  `id_venta` int(11) NOT NULL,
  `fecha_venta` date NOT NULL,
  `id_cliente` int(11) NOT NULL,
  `id_empleado` int(11) NOT NULL
) ENGINE=InnoDB DEFAULT CHARSET=utf8mb4 COLLATE=utf8mb4_general_ci;

--
-- Volcado de datos para la tabla `venta`
--

INSERT INTO `venta` (`id_venta`, `fecha_venta`, `id_cliente`, `id_empleado`) VALUES
(1, '2026-01-05', 1, 1),
(2, '2026-01-10', 2, 2),
(3, '2026-01-15', 3, 3),
(4, '2026-01-20', 4, 4),
(5, '2026-02-01', 5, 5),
(6, '2026-02-10', 6, 6),
(7, '2026-02-15', 7, 7),
(8, '2026-02-20', 8, 8),
(9, '2026-03-01', 9, 9),
(10, '2026-03-10', 10, 10),
(11, '2026-03-15', 11, 11),
(12, '2026-03-20', 12, 12),
(13, '2026-04-01', 13, 13),
(14, '2026-04-10', 14, 14),
(15, '2026-04-15', 15, 15);

--
-- Índices para tablas volcadas
--

--
-- Indices de la tabla `boleta`
--
ALTER TABLE `boleta`
  ADD PRIMARY KEY (`id_boleta`),
  ADD UNIQUE KEY `id_venta` (`id_venta`),
  ADD KEY `id_cliente` (`id_cliente`);

--
-- Indices de la tabla `ciudad`
--
ALTER TABLE `ciudad`
  ADD PRIMARY KEY (`id_ciudad`),
  ADD KEY `id_region` (`id_region`);

--
-- Indices de la tabla `cliente`
--
ALTER TABLE `cliente`
  ADD PRIMARY KEY (`id_cliente`);

--
-- Indices de la tabla `cupon`
--
ALTER TABLE `cupon`
  ADD PRIMARY KEY (`id_cupon`),
  ADD KEY `id_cliente` (`id_cliente`);

--
-- Indices de la tabla `detalle_venta`
--
ALTER TABLE `detalle_venta`
  ADD PRIMARY KEY (`id_detalle`),
  ADD KEY `id_venta` (`id_venta`),
  ADD KEY `id_producto` (`id_producto`);

--
-- Indices de la tabla `devolucion`
--
ALTER TABLE `devolucion`
  ADD PRIMARY KEY (`id_devolucion`),
  ADD KEY `id_empleado` (`id_empleado`),
  ADD KEY `id_cliente` (`id_cliente`),
  ADD KEY `id_tarjeta` (`id_tarjeta`),
  ADD KEY `id_venta` (`id_venta`),
  ADD KEY `id_producto` (`id_producto`);

--
-- Indices de la tabla `empleado`
--
ALTER TABLE `empleado`
  ADD PRIMARY KEY (`id_empleado`),
  ADD KEY `id_tienda` (`id_tienda`);

--
-- Indices de la tabla `envio`
--
ALTER TABLE `envio`
  ADD PRIMARY KEY (`id_envio`),
  ADD KEY `id_venta` (`id_venta`),
  ADD KEY `id_cliente` (`id_cliente`),
  ADD KEY `id_empleado` (`id_empleado`),
  ADD KEY `id_ciudad` (`id_ciudad`);

--
-- Indices de la tabla `factura`
--
ALTER TABLE `factura`
  ADD PRIMARY KEY (`id_factura`),
  ADD UNIQUE KEY `id_venta` (`id_venta`),
  ADD KEY `id_cliente` (`id_cliente`);

--
-- Indices de la tabla `inventario`
--
ALTER TABLE `inventario`
  ADD PRIMARY KEY (`id_inventario`),
  ADD KEY `id_producto` (`id_producto`),
  ADD KEY `id_tienda` (`id_tienda`);

--
-- Indices de la tabla `oferta`
--
ALTER TABLE `oferta`
  ADD PRIMARY KEY (`id_oferta`),
  ADD KEY `id_producto` (`id_producto`);

--
-- Indices de la tabla `producto`
--
ALTER TABLE `producto`
  ADD PRIMARY KEY (`id_producto`),
  ADD KEY `id_proveedor` (`id_proveedor`);

--
-- Indices de la tabla `proveedor`
--
ALTER TABLE `proveedor`
  ADD PRIMARY KEY (`id_proveedor`);

--
-- Indices de la tabla `region`
--
ALTER TABLE `region`
  ADD PRIMARY KEY (`id_region`);

--
-- Indices de la tabla `rol`
--
ALTER TABLE `rol`
  ADD PRIMARY KEY (`id_rol`),
  ADD KEY `id_empleado` (`id_empleado`);

--
-- Indices de la tabla `tarjeta`
--
ALTER TABLE `tarjeta`
  ADD PRIMARY KEY (`id_tarjeta`),
  ADD KEY `id_cliente` (`id_cliente`);

--
-- Indices de la tabla `tienda`
--
ALTER TABLE `tienda`
  ADD PRIMARY KEY (`id_tienda`),
  ADD KEY `id_ciudad` (`id_ciudad`);

--
-- Indices de la tabla `venta`
--
ALTER TABLE `venta`
  ADD PRIMARY KEY (`id_venta`),
  ADD KEY `id_cliente` (`id_cliente`),
  ADD KEY `id_empleado` (`id_empleado`);

--
-- AUTO_INCREMENT de las tablas volcadas
--

--
-- AUTO_INCREMENT de la tabla `boleta`
--
ALTER TABLE `boleta`
  MODIFY `id_boleta` int(11) NOT NULL AUTO_INCREMENT, AUTO_INCREMENT=16;

--
-- AUTO_INCREMENT de la tabla `ciudad`
--
ALTER TABLE `ciudad`
  MODIFY `id_ciudad` int(11) NOT NULL AUTO_INCREMENT, AUTO_INCREMENT=16;

--
-- AUTO_INCREMENT de la tabla `cliente`
--
ALTER TABLE `cliente`
  MODIFY `id_cliente` int(11) NOT NULL AUTO_INCREMENT, AUTO_INCREMENT=16;

--
-- AUTO_INCREMENT de la tabla `cupon`
--
ALTER TABLE `cupon`
  MODIFY `id_cupon` int(11) NOT NULL AUTO_INCREMENT, AUTO_INCREMENT=16;

--
-- AUTO_INCREMENT de la tabla `detalle_venta`
--
ALTER TABLE `detalle_venta`
  MODIFY `id_detalle` int(11) NOT NULL AUTO_INCREMENT, AUTO_INCREMENT=16;

--
-- AUTO_INCREMENT de la tabla `devolucion`
--
ALTER TABLE `devolucion`
  MODIFY `id_devolucion` int(11) NOT NULL AUTO_INCREMENT, AUTO_INCREMENT=16;

--
-- AUTO_INCREMENT de la tabla `empleado`
--
ALTER TABLE `empleado`
  MODIFY `id_empleado` int(11) NOT NULL AUTO_INCREMENT, AUTO_INCREMENT=16;

--
-- AUTO_INCREMENT de la tabla `envio`
--
ALTER TABLE `envio`
  MODIFY `id_envio` int(11) NOT NULL AUTO_INCREMENT, AUTO_INCREMENT=16;

--
-- AUTO_INCREMENT de la tabla `factura`
--
ALTER TABLE `factura`
  MODIFY `id_factura` int(11) NOT NULL AUTO_INCREMENT, AUTO_INCREMENT=16;

--
-- AUTO_INCREMENT de la tabla `inventario`
--
ALTER TABLE `inventario`
  MODIFY `id_inventario` int(11) NOT NULL AUTO_INCREMENT, AUTO_INCREMENT=16;

--
-- AUTO_INCREMENT de la tabla `oferta`
--
ALTER TABLE `oferta`
  MODIFY `id_oferta` int(11) NOT NULL AUTO_INCREMENT, AUTO_INCREMENT=16;

--
-- AUTO_INCREMENT de la tabla `producto`
--
ALTER TABLE `producto`
  MODIFY `id_producto` int(11) NOT NULL AUTO_INCREMENT, AUTO_INCREMENT=16;

--
-- AUTO_INCREMENT de la tabla `proveedor`
--
ALTER TABLE `proveedor`
  MODIFY `id_proveedor` int(11) NOT NULL AUTO_INCREMENT, AUTO_INCREMENT=16;

--
-- AUTO_INCREMENT de la tabla `region`
--
ALTER TABLE `region`
  MODIFY `id_region` int(11) NOT NULL AUTO_INCREMENT, AUTO_INCREMENT=16;

--
-- AUTO_INCREMENT de la tabla `rol`
--
ALTER TABLE `rol`
  MODIFY `id_rol` int(11) NOT NULL AUTO_INCREMENT, AUTO_INCREMENT=16;

--
-- AUTO_INCREMENT de la tabla `tarjeta`
--
ALTER TABLE `tarjeta`
  MODIFY `id_tarjeta` int(11) NOT NULL AUTO_INCREMENT, AUTO_INCREMENT=16;

--
-- AUTO_INCREMENT de la tabla `tienda`
--
ALTER TABLE `tienda`
  MODIFY `id_tienda` int(11) NOT NULL AUTO_INCREMENT, AUTO_INCREMENT=16;

--
-- AUTO_INCREMENT de la tabla `venta`
--
ALTER TABLE `venta`
  MODIFY `id_venta` int(11) NOT NULL AUTO_INCREMENT, AUTO_INCREMENT=16;

--
-- Restricciones para tablas volcadas
--

--
-- Filtros para la tabla `boleta`
--
ALTER TABLE `boleta`
  ADD CONSTRAINT `boleta_ibfk_1` FOREIGN KEY (`id_cliente`) REFERENCES `cliente` (`id_cliente`),
  ADD CONSTRAINT `boleta_ibfk_2` FOREIGN KEY (`id_venta`) REFERENCES `venta` (`id_venta`);

--
-- Filtros para la tabla `ciudad`
--
ALTER TABLE `ciudad`
  ADD CONSTRAINT `ciudad_ibfk_1` FOREIGN KEY (`id_region`) REFERENCES `region` (`id_region`);

--
-- Filtros para la tabla `cupon`
--
ALTER TABLE `cupon`
  ADD CONSTRAINT `cupon_ibfk_1` FOREIGN KEY (`id_cliente`) REFERENCES `cliente` (`id_cliente`);

--
-- Filtros para la tabla `detalle_venta`
--
ALTER TABLE `detalle_venta`
  ADD CONSTRAINT `detalle_venta_ibfk_1` FOREIGN KEY (`id_venta`) REFERENCES `venta` (`id_venta`),
  ADD CONSTRAINT `detalle_venta_ibfk_2` FOREIGN KEY (`id_producto`) REFERENCES `producto` (`id_producto`);

--
-- Filtros para la tabla `devolucion`
--
ALTER TABLE `devolucion`
  ADD CONSTRAINT `devolucion_ibfk_1` FOREIGN KEY (`id_empleado`) REFERENCES `empleado` (`id_empleado`),
  ADD CONSTRAINT `devolucion_ibfk_2` FOREIGN KEY (`id_cliente`) REFERENCES `cliente` (`id_cliente`),
  ADD CONSTRAINT `devolucion_ibfk_3` FOREIGN KEY (`id_tarjeta`) REFERENCES `tarjeta` (`id_tarjeta`),
  ADD CONSTRAINT `devolucion_ibfk_4` FOREIGN KEY (`id_venta`) REFERENCES `venta` (`id_venta`),
  ADD CONSTRAINT `devolucion_ibfk_5` FOREIGN KEY (`id_producto`) REFERENCES `producto` (`id_producto`);

--
-- Filtros para la tabla `empleado`
--
ALTER TABLE `empleado`
  ADD CONSTRAINT `empleado_ibfk_1` FOREIGN KEY (`id_tienda`) REFERENCES `tienda` (`id_tienda`);

--
-- Filtros para la tabla `envio`
--
ALTER TABLE `envio`
  ADD CONSTRAINT `envio_ibfk_1` FOREIGN KEY (`id_venta`) REFERENCES `venta` (`id_venta`),
  ADD CONSTRAINT `envio_ibfk_2` FOREIGN KEY (`id_cliente`) REFERENCES `cliente` (`id_cliente`),
  ADD CONSTRAINT `envio_ibfk_3` FOREIGN KEY (`id_empleado`) REFERENCES `empleado` (`id_empleado`),
  ADD CONSTRAINT `envio_ibfk_4` FOREIGN KEY (`id_ciudad`) REFERENCES `ciudad` (`id_ciudad`);

--
-- Filtros para la tabla `factura`
--
ALTER TABLE `factura`
  ADD CONSTRAINT `factura_ibfk_1` FOREIGN KEY (`id_venta`) REFERENCES `venta` (`id_venta`),
  ADD CONSTRAINT `factura_ibfk_2` FOREIGN KEY (`id_cliente`) REFERENCES `cliente` (`id_cliente`);

--
-- Filtros para la tabla `inventario`
--
ALTER TABLE `inventario`
  ADD CONSTRAINT `inventario_ibfk_1` FOREIGN KEY (`id_producto`) REFERENCES `producto` (`id_producto`),
  ADD CONSTRAINT `inventario_ibfk_2` FOREIGN KEY (`id_tienda`) REFERENCES `tienda` (`id_tienda`);

--
-- Filtros para la tabla `oferta`
--
ALTER TABLE `oferta`
  ADD CONSTRAINT `oferta_ibfk_1` FOREIGN KEY (`id_producto`) REFERENCES `producto` (`id_producto`);

--
-- Filtros para la tabla `producto`
--
ALTER TABLE `producto`
  ADD CONSTRAINT `producto_ibfk_1` FOREIGN KEY (`id_proveedor`) REFERENCES `proveedor` (`id_proveedor`);

--
-- Filtros para la tabla `rol`
--
ALTER TABLE `rol`
  ADD CONSTRAINT `rol_ibfk_1` FOREIGN KEY (`id_empleado`) REFERENCES `empleado` (`id_empleado`);

--
-- Filtros para la tabla `tarjeta`
--
ALTER TABLE `tarjeta`
  ADD CONSTRAINT `tarjeta_ibfk_1` FOREIGN KEY (`id_cliente`) REFERENCES `cliente` (`id_cliente`);

--
-- Filtros para la tabla `tienda`
--
ALTER TABLE `tienda`
  ADD CONSTRAINT `tienda_ibfk_1` FOREIGN KEY (`id_ciudad`) REFERENCES `ciudad` (`id_ciudad`);

--
-- Filtros para la tabla `venta`
--
ALTER TABLE `venta`
  ADD CONSTRAINT `venta_ibfk_1` FOREIGN KEY (`id_cliente`) REFERENCES `cliente` (`id_cliente`),
  ADD CONSTRAINT `venta_ibfk_2` FOREIGN KEY (`id_empleado`) REFERENCES `empleado` (`id_empleado`);
COMMIT;

/*!40101 SET CHARACTER_SET_CLIENT=@OLD_CHARACTER_SET_CLIENT */;
/*!40101 SET CHARACTER_SET_RESULTS=@OLD_CHARACTER_SET_RESULTS */;
/*!40101 SET COLLATION_CONNECTION=@OLD_COLLATION_CONNECTION */;
